               epoch,      train/box_loss,      train/obj_loss,      train/cls_loss,   metrics/precision,      metrics/recall,     metrics/mAP_0.5,metrics/mAP_0.5:0.95,        val/box_loss,        val/obj_loss,        val/cls_loss,               x/lr0,               x/lr1,               x/lr2
                   0,            0.099911,            0.018954,            0.056233,          1.1218e-05,          0.00015987,          5.2953e-06,          5.2953e-07,             0.10218,            0.013455,            0.048012,             0.00062,             0.00062,             0.09442
                   1,            0.087059,             0.01399,            0.039474,            0.003091,           0.0030376,          0.00079863,          0.00019221,             0.07718,            0.018566,            0.037215,           0.0012499,           0.0012499,             0.08875
                   2,            0.067974,            0.017531,            0.034207,             0.47128,            0.037826,            0.012075,           0.0028465,            0.067218,             0.02021,            0.034836,           0.0018796,           0.0018796,             0.08308
                   3,            0.065181,             0.01642,            0.032852,             0.69892,            0.081829,            0.020232,           0.0049432,            0.065788,             0.01694,            0.033614,           0.0025087,           0.0025087,            0.077409
                   4,            0.063983,            0.013946,            0.032082,             0.73598,            0.089702,            0.054259,            0.013577,            0.055476,            0.015318,             0.03248,           0.0031372,           0.0031372,            0.071737
                   5,            0.057888,            0.012118,            0.028909,             0.59597,             0.10115,            0.039801,            0.010028,            0.059688,            0.013528,            0.031791,           0.0037648,           0.0037648,            0.066065
                   6,             0.05624,            0.012411,            0.030419,             0.61457,             0.11731,            0.060581,             0.01748,            0.049613,            0.013441,            0.031044,           0.0043912,           0.0043912,            0.060391
                   7,            0.053308,            0.011543,            0.030776,             0.60713,            0.092719,            0.051497,            0.012525,            0.053723,            0.012207,             0.03015,           0.0050163,           0.0050163,            0.054716
                   8,            0.058211,            0.010719,             0.02932,             0.77456,            0.094341,            0.071082,            0.022432,            0.052783,            0.012104,            0.028881,           0.0056399,           0.0056399,             0.04904
                   9,            0.054894,            0.011193,            0.026698,              0.7671,             0.05951,            0.044964,            0.017109,            0.060693,            0.015116,            0.029354,           0.0062618,           0.0062618,            0.043362
                  10,            0.055141,             0.01119,            0.025299,             0.77483,              0.1009,            0.074092,             0.02217,            0.053902,            0.013572,            0.026181,           0.0068817,           0.0068817,            0.037682
                  11,            0.055441,            0.011347,            0.025909,             0.66796,             0.10567,             0.07632,            0.024107,            0.055188,            0.012597,            0.023398,           0.0074994,           0.0074994,            0.031999
                  12,            0.052992,            0.010519,            0.023508,             0.77367,             0.14664,            0.097718,            0.032139,            0.054402,            0.011858,            0.023619,           0.0081148,           0.0081148,            0.026315
                  13,            0.053593,            0.010848,            0.021061,             0.79004,             0.13933,             0.09748,            0.027663,            0.052631,            0.011471,            0.021179,           0.0087276,           0.0087276,            0.020628
                  14,            0.055686,            0.010168,            0.020593,             0.67924,            0.098422,             0.07949,            0.024632,            0.056039,             0.01362,            0.021802,           0.0093377,           0.0093377,            0.014938
                  15,            0.054644,           0.0099692,                0.02,               0.792,             0.12181,            0.096632,            0.029523,            0.059269,            0.011154,             0.01964,           0.0098757,           0.0098757,           0.0098757
                  16,            0.050376,            0.010238,            0.020442,             0.81733,             0.14054,             0.12511,            0.042001,            0.052334,            0.011504,            0.020607,           0.0098757,           0.0098757,           0.0098757
                  17,            0.048999,            0.010158,            0.018843,             0.82792,             0.13994,             0.12419,            0.045374,            0.050755,            0.011286,            0.019771,           0.0098586,           0.0098586,           0.0098586
                  18,            0.047513,           0.0097969,            0.018291,             0.84931,             0.13142,             0.12231,               0.045,            0.047303,            0.011233,            0.019849,           0.0098405,           0.0098405,           0.0098405
                  19,            0.047994,           0.0097769,             0.01975,             0.84118,             0.14098,             0.13716,             0.05102,            0.049823,            0.011175,            0.020115,           0.0098213,           0.0098213,           0.0098213
                  20,            0.043515,           0.0096243,            0.017417,             0.83873,             0.15383,             0.14033,            0.050382,            0.047264,            0.010196,            0.019023,           0.0098011,           0.0098011,           0.0098011
                  21,            0.048717,           0.0092803,            0.021458,             0.84772,             0.15429,             0.14593,            0.056491,            0.045533,            0.010302,            0.018978,           0.0097798,           0.0097798,           0.0097798
                  22,            0.044979,           0.0093116,            0.019416,             0.84729,             0.18931,             0.16835,            0.069167,            0.040337,            0.010055,            0.018971,           0.0097574,           0.0097574,           0.0097574
                  23,            0.044275,           0.0090543,            0.017686,             0.84582,             0.17018,             0.16422,            0.057715,            0.042792,            0.010168,            0.018885,            0.009734,            0.009734,            0.009734
                  24,             0.04194,           0.0089476,            0.016804,             0.86183,             0.17247,             0.17152,            0.069117,            0.042013,           0.0098752,            0.018394,           0.0097095,           0.0097095,           0.0097095
                  25,            0.040217,           0.0089658,            0.016484,             0.84698,             0.17755,             0.17656,            0.078176,            0.043309,            0.009731,            0.018197,            0.009684,            0.009684,            0.009684
                  26,            0.043489,           0.0086653,            0.017819,              0.8463,             0.15652,             0.17111,             0.07062,            0.044464,           0.0097418,             0.01851,           0.0096575,           0.0096575,           0.0096575
                  27,            0.040554,            0.008943,            0.015651,             0.85145,             0.15656,             0.16088,            0.066057,            0.042258,           0.0094859,             0.01771,           0.0096299,           0.0096299,           0.0096299
                  28,            0.040169,           0.0090634,             0.01784,             0.85804,             0.17668,                0.18,             0.07459,            0.041794,           0.0095522,             0.01756,           0.0096013,           0.0096013,           0.0096013
                  29,            0.039825,            0.008822,            0.016349,             0.85295,             0.17734,             0.17941,            0.076781,            0.042255,           0.0094033,            0.017758,           0.0095717,           0.0095717,           0.0095717
                  30,            0.041604,           0.0085807,            0.015699,             0.86447,             0.18237,             0.19194,            0.078479,            0.041451,           0.0094889,            0.017498,           0.0095411,           0.0095411,           0.0095411
                  31,            0.039131,           0.0086566,             0.01466,             0.71615,             0.22234,             0.18866,            0.074638,            0.044843,            0.009261,            0.017125,           0.0095095,           0.0095095,           0.0095095
                  32,            0.038042,           0.0081227,            0.016524,             0.86032,             0.18082,             0.18938,            0.082255,             0.04204,           0.0090919,            0.017085,           0.0094769,           0.0094769,           0.0094769
                  33,            0.040072,           0.0087227,            0.016836,             0.75626,             0.21231,             0.19745,            0.082967,            0.038915,             0.00907,            0.016469,           0.0094434,           0.0094434,           0.0094434
                  34,             0.04041,           0.0087363,            0.017256,             0.75613,             0.19639,             0.20324,             0.08864,            0.039166,           0.0093483,            0.015802,           0.0094088,           0.0094088,           0.0094088
                  35,            0.038175,           0.0083669,            0.015322,              0.7535,             0.16588,             0.18038,            0.070867,            0.040585,           0.0092531,             0.01598,           0.0093733,           0.0093733,           0.0093733
                  36,            0.035962,           0.0080558,             0.01448,             0.74779,             0.16065,             0.17594,            0.072408,            0.043599,           0.0088946,            0.016185,           0.0093369,           0.0093369,           0.0093369
                  37,            0.039056,           0.0082666,            0.016114,             0.79055,             0.16776,             0.19054,             0.06789,            0.040503,            0.009059,            0.016777,           0.0092995,           0.0092995,           0.0092995
                  38,            0.036101,           0.0084053,            0.014151,             0.79953,             0.19168,             0.19704,            0.086348,            0.038934,           0.0092153,            0.016345,           0.0092611,           0.0092611,           0.0092611
                  39,            0.039582,           0.0086045,            0.016784,             0.77253,              0.1981,             0.20882,            0.098154,            0.037699,           0.0088939,            0.015784,           0.0092219,           0.0092219,           0.0092219
                  40,            0.038562,           0.0081234,            0.014625,             0.76186,             0.19894,             0.20643,            0.096988,            0.039083,           0.0089137,            0.015438,           0.0091817,           0.0091817,           0.0091817
                  41,            0.039592,           0.0082172,            0.016157,             0.78372,              0.2145,             0.21071,            0.096632,            0.038514,           0.0088172,            0.015326,           0.0091406,           0.0091406,           0.0091406
                  42,            0.036331,           0.0081206,            0.013651,             0.79883,             0.21366,             0.22329,             0.10329,            0.037581,           0.0086416,            0.015313,           0.0090986,           0.0090986,           0.0090986
                  43,            0.037263,           0.0082416,            0.014824,             0.77237,             0.17759,             0.20012,            0.080021,            0.039815,            0.008821,            0.015426,           0.0090557,           0.0090557,           0.0090557
                  44,            0.036683,           0.0080785,            0.014239,             0.58822,              0.2641,             0.22548,              0.1034,            0.038182,           0.0086627,            0.015123,           0.0090119,           0.0090119,           0.0090119
                  45,            0.036137,           0.0081255,            0.013792,             0.84646,             0.21082,              0.2397,             0.11206,            0.037858,           0.0087358,            0.014575,           0.0089673,           0.0089673,           0.0089673
                  46,            0.036339,           0.0080387,            0.014184,             0.75504,             0.22712,             0.23259,             0.11223,            0.036197,            0.008682,            0.015329,           0.0089218,           0.0089218,           0.0089218
                  47,            0.037856,           0.0080243,            0.014859,             0.81669,             0.20678,             0.22865,             0.10704,            0.037028,           0.0087653,            0.014578,           0.0088755,           0.0088755,           0.0088755
                  48,             0.03613,             0.00835,            0.013103,             0.80861,             0.22877,             0.23301,             0.10765,            0.036774,            0.008724,            0.013951,           0.0088283,           0.0088283,           0.0088283
                  49,            0.036202,           0.0079512,            0.014305,             0.67131,             0.26241,             0.25102,              0.1217,            0.035892,           0.0087064,            0.014006,           0.0087804,           0.0087804,           0.0087804
                  50,            0.035177,           0.0081115,            0.012532,             0.67898,             0.23926,             0.23735,             0.10904,            0.038352,           0.0086892,            0.013789,           0.0087316,           0.0087316,           0.0087316
                  51,            0.036225,           0.0082057,              0.0125,             0.77978,             0.22319,             0.23695,             0.11078,            0.036794,           0.0087817,            0.013741,            0.008682,            0.008682,            0.008682
                  52,            0.036849,           0.0078542,            0.013638,             0.67873,             0.24122,             0.22865,             0.10345,            0.037782,           0.0086971,            0.013382,           0.0086316,           0.0086316,           0.0086316
                  53,            0.035392,           0.0084541,            0.014231,             0.68718,             0.23374,             0.24763,              0.1126,            0.037402,           0.0088498,            0.013337,           0.0085805,           0.0085805,           0.0085805
                  54,            0.034224,           0.0080606,            0.011736,             0.62337,             0.27795,             0.24684,               0.113,            0.037469,           0.0085979,            0.012803,           0.0085286,           0.0085286,           0.0085286
                  55,            0.034855,           0.0080501,            0.011064,             0.68347,             0.25482,             0.25023,             0.11958,            0.036216,           0.0085591,            0.013016,           0.0084759,           0.0084759,           0.0084759
                  56,            0.034173,           0.0080215,            0.011175,             0.71806,              0.2459,             0.24994,             0.11941,            0.037662,           0.0086212,             0.01261,           0.0084225,           0.0084225,           0.0084225
                  57,            0.034785,           0.0080214,            0.011548,             0.79698,             0.20116,              0.2246,             0.10524,            0.037197,            0.009196,            0.013725,           0.0083684,           0.0083684,           0.0083684
                  58,            0.035663,           0.0078707,             0.01184,             0.76864,             0.23975,             0.25489,             0.12594,            0.035836,           0.0087822,            0.013737,           0.0083136,           0.0083136,           0.0083136
                  59,            0.035723,           0.0083825,            0.014257,             0.82633,             0.23785,             0.25226,             0.11531,            0.037309,           0.0089623,            0.013632,           0.0082581,           0.0082581,           0.0082581
                  60,             0.03629,           0.0082289,            0.013818,             0.78632,             0.22006,             0.22623,            0.097852,             0.03875,           0.0096406,            0.013502,           0.0082019,           0.0082019,           0.0082019
                  61,            0.035079,           0.0081393,            0.010258,             0.62523,             0.32885,             0.27572,             0.13875,            0.037207,           0.0085248,            0.012781,            0.008145,            0.008145,            0.008145
                  62,            0.035469,           0.0080614,            0.012338,             0.70725,             0.26528,             0.26521,             0.11989,            0.038718,           0.0084843,            0.012338,           0.0080875,           0.0080875,           0.0080875
                  63,            0.038449,           0.0077997,            0.012022,             0.68107,             0.25862,              0.2649,             0.12588,             0.03667,           0.0085056,            0.012722,           0.0080294,           0.0080294,           0.0080294
                  64,            0.033048,           0.0079414,            0.010107,             0.60959,             0.32062,              0.2775,             0.13781,            0.036041,           0.0085612,              0.0142,           0.0079706,           0.0079706,           0.0079706
                  65,            0.033504,           0.0078887,            0.010679,             0.60524,             0.34626,              0.2877,             0.14571,            0.035801,            0.008564,             0.01201,           0.0079112,           0.0079112,           0.0079112
                  66,            0.034629,            0.007825,            0.011183,             0.59741,             0.33675,             0.29021,             0.14346,            0.035035,            0.008488,            0.012924,           0.0078512,           0.0078512,           0.0078512
                  67,            0.032634,           0.0076679,            0.011372,             0.59495,             0.30156,             0.26844,             0.12898,            0.036689,           0.0088042,            0.012352,           0.0077907,           0.0077907,           0.0077907
                  68,            0.033996,            0.007459,            0.011526,             0.58103,             0.34057,             0.28327,             0.14346,            0.035841,           0.0086066,             0.01346,           0.0077296,           0.0077296,           0.0077296
                  69,            0.033777,           0.0077401,            0.011562,             0.57527,             0.33646,             0.27539,             0.13404,            0.036425,           0.0086303,            0.014331,           0.0076679,           0.0076679,           0.0076679
                  70,            0.032965,           0.0076954,            0.010768,             0.58526,             0.33408,             0.28493,             0.13942,            0.036243,           0.0085296,            0.011894,           0.0076057,           0.0076057,           0.0076057
                  71,            0.036525,           0.0079254,            0.011334,             0.56766,             0.35725,             0.29144,             0.14325,            0.035383,           0.0084207,            0.013467,            0.007543,            0.007543,            0.007543
                  72,            0.033962,           0.0078278,            0.010603,             0.59928,             0.33488,             0.27741,             0.13506,            0.036382,           0.0087822,            0.013324,           0.0074797,           0.0074797,           0.0074797
                  73,            0.032415,           0.0079841,           0.0097263,              0.6316,             0.30817,             0.27965,             0.13848,            0.035522,           0.0084961,            0.012075,            0.007416,            0.007416,            0.007416
                  74,            0.033263,           0.0077261,            0.010725,              0.8216,             0.25768,               0.298,              0.1467,            0.033533,           0.0083376,            0.011851,           0.0073518,           0.0073518,           0.0073518
                  75,            0.032655,           0.0077135,            0.010476,             0.69141,             0.28401,             0.28519,             0.14025,            0.034816,           0.0083965,            0.012018,           0.0072872,           0.0072872,           0.0072872
                  76,            0.032054,           0.0074883,             0.01018,             0.67958,             0.28965,              0.2878,             0.14564,            0.034218,           0.0084685,            0.011832,           0.0072221,           0.0072221,           0.0072221
                  77,            0.031452,           0.0076739,            0.011067,             0.62985,             0.34449,             0.31188,             0.16415,            0.034354,           0.0083035,            0.012151,           0.0071566,           0.0071566,           0.0071566
                  78,            0.035083,           0.0073996,             0.01075,              0.5823,             0.35811,             0.29779,             0.14933,            0.034884,           0.0084954,            0.012279,           0.0070906,           0.0070906,           0.0070906
                  79,            0.031706,           0.0076806,            0.010178,             0.68359,             0.33525,             0.30926,             0.15622,            0.034159,           0.0084765,            0.011707,           0.0070243,           0.0070243,           0.0070243
                  80,            0.032065,            0.007658,            0.010469,             0.64618,              0.3146,              0.2877,             0.13903,            0.035477,           0.0084669,            0.013705,           0.0069576,           0.0069576,           0.0069576
                  81,            0.032399,           0.0076196,           0.0090261,             0.68428,             0.30853,             0.29802,             0.15031,            0.036351,           0.0084359,            0.012439,           0.0068906,           0.0068906,           0.0068906
                  82,            0.034314,            0.007389,           0.0096213,             0.60828,             0.30083,             0.28656,             0.14483,            0.033886,            0.008348,            0.012235,           0.0068232,           0.0068232,           0.0068232
                  83,            0.032669,           0.0074864,            0.010384,              0.6734,             0.32696,             0.31049,               0.165,            0.033524,           0.0080896,            0.012598,           0.0067555,           0.0067555,           0.0067555
                  84,              0.0318,           0.0075516,            0.010344,             0.70434,             0.31381,             0.31521,             0.16444,             0.03511,           0.0081602,            0.012501,           0.0066874,           0.0066874,           0.0066874
                  85,            0.031973,           0.0072172,           0.0095693,             0.65895,               0.336,             0.32746,             0.16414,            0.033842,           0.0082552,            0.011848,           0.0066191,           0.0066191,           0.0066191
                  86,            0.030732,           0.0072132,           0.0087113,             0.64997,              0.3408,             0.31067,             0.16178,            0.033251,           0.0084011,            0.011009,           0.0065505,           0.0065505,           0.0065505
                  87,            0.031422,           0.0075741,           0.0091591,             0.73978,             0.31686,             0.32213,             0.17078,            0.032764,           0.0083659,            0.011514,           0.0064816,           0.0064816,           0.0064816
                  88,            0.031554,           0.0073571,            0.010257,             0.78085,             0.29526,              0.3147,             0.16502,             0.03388,           0.0083157,            0.011796,           0.0064125,           0.0064125,           0.0064125
                  89,            0.032671,           0.0073029,           0.0091107,             0.69431,             0.32082,             0.32165,             0.16081,            0.033803,           0.0082649,            0.010221,           0.0063432,           0.0063432,           0.0063432
                  90,             0.03147,           0.0075515,           0.0086357,              0.6927,             0.34417,             0.32263,             0.16734,            0.031555,           0.0081815,            0.010647,           0.0062737,           0.0062737,           0.0062737
                  91,            0.032302,           0.0075645,           0.0092351,             0.72813,             0.30554,             0.31531,             0.16881,            0.034037,           0.0081948,            0.012063,            0.006204,            0.006204,            0.006204
                  92,            0.031036,           0.0071538,            0.010181,             0.72288,             0.30237,             0.31561,             0.16487,            0.032731,           0.0082085,            0.011423,           0.0061341,           0.0061341,           0.0061341
                  93,            0.031923,           0.0072681,           0.0087571,             0.73045,             0.34154,             0.33197,             0.16804,            0.031793,           0.0080782,            0.010436,            0.006064,            0.006064,            0.006064
                  94,            0.031487,           0.0071584,            0.008472,             0.72145,             0.33592,             0.32901,             0.17399,             0.03357,           0.0081697,            0.012742,           0.0059938,           0.0059938,           0.0059938
                  95,            0.030191,           0.0074331,           0.0087027,             0.66832,             0.33033,             0.30733,             0.15978,            0.034205,           0.0083019,            0.011044,           0.0059235,           0.0059235,           0.0059235
                  96,            0.030762,           0.0070837,           0.0088413,             0.68477,             0.32975,             0.32037,             0.16707,            0.032022,           0.0081573,            0.010585,           0.0058531,           0.0058531,           0.0058531
                  97,            0.030389,           0.0072273,           0.0082045,             0.73048,             0.32792,             0.33674,             0.17263,            0.032179,            0.008153,           0.0099546,           0.0057826,           0.0057826,           0.0057826
                  98,            0.029451,            0.007429,           0.0078244,             0.65272,             0.35426,             0.32966,               0.169,              0.0321,           0.0080591,            0.010121,            0.005712,            0.005712,            0.005712
                  99,            0.030976,           0.0071883,           0.0088012,             0.64688,             0.35805,              0.3257,             0.16795,            0.031927,           0.0081171,            0.011317,           0.0056413,           0.0056413,           0.0056413
                 100,            0.029943,           0.0073411,           0.0085246,             0.66697,             0.36071,             0.33019,             0.17656,            0.031134,           0.0081732,            0.011157,           0.0055707,           0.0055707,           0.0055707
                 101,            0.029878,           0.0074226,           0.0081445,             0.71005,             0.33531,             0.32717,             0.17323,            0.033047,           0.0080949,             0.01089,              0.0055,              0.0055,              0.0055
                 102,            0.028967,           0.0073027,              0.0072,              0.7708,             0.33889,             0.35714,             0.19457,            0.031202,           0.0080252,             0.01185,           0.0054293,           0.0054293,           0.0054293
                 103,            0.030292,           0.0073947,           0.0083281,             0.70588,             0.34613,             0.33557,             0.18656,            0.030775,           0.0079505,            0.010675,           0.0053587,           0.0053587,           0.0053587
                 104,            0.029981,           0.0071501,           0.0091921,             0.68083,             0.34721,             0.33116,             0.18156,            0.031046,           0.0079252,            0.011391,            0.005288,            0.005288,            0.005288
                 105,             0.02876,           0.0069906,           0.0078173,             0.76149,             0.36276,             0.35256,             0.19522,            0.030299,           0.0079701,             0.01152,           0.0052174,           0.0052174,           0.0052174
                 106,            0.029192,           0.0068972,           0.0084655,             0.74268,             0.33334,             0.35129,             0.18942,            0.030956,           0.0078817,            0.011143,           0.0051469,           0.0051469,           0.0051469
                 107,            0.029971,           0.0072613,           0.0089097,             0.70889,             0.36251,             0.34734,             0.18695,            0.031661,           0.0078995,            0.011137,           0.0050765,           0.0050765,           0.0050765
                 108,            0.028325,           0.0068908,           0.0079622,             0.70821,             0.34525,             0.34473,             0.17814,            0.031462,           0.0080225,            0.011153,           0.0050062,           0.0050062,           0.0050062
                 109,            0.027485,           0.0075083,           0.0069935,             0.75656,             0.35042,             0.35433,             0.19123,            0.030894,           0.0078662,            0.012076,            0.004936,            0.004936,            0.004936
                 110,            0.030607,           0.0071903,           0.0086923,             0.69665,             0.35858,             0.33587,              0.1766,            0.031998,           0.0079752,            0.012408,           0.0048659,           0.0048659,           0.0048659
                 111,            0.028669,            0.007206,           0.0078317,             0.76355,              0.3278,             0.35551,             0.18787,            0.031638,           0.0079112,            0.010935,            0.004796,            0.004796,            0.004796
                 112,            0.027874,           0.0070771,           0.0065429,             0.74461,             0.34868,             0.35248,             0.19053,            0.032367,           0.0079215,            0.012992,           0.0047263,           0.0047263,           0.0047263
                 113,            0.030548,           0.0068988,           0.0079775,             0.69984,             0.35588,              0.3513,             0.19596,            0.031265,           0.0078697,            0.011868,           0.0046568,           0.0046568,           0.0046568
                 114,            0.028582,           0.0068241,           0.0073463,             0.71964,             0.35191,             0.34982,              0.1935,            0.030867,            0.007941,             0.01122,           0.0045875,           0.0045875,           0.0045875
                 115,            0.029045,           0.0069031,           0.0068883,             0.68438,             0.37161,              0.3549,             0.19935,            0.030331,           0.0078939,            0.010949,           0.0045184,           0.0045184,           0.0045184
                 116,            0.028409,           0.0071082,           0.0075996,             0.72061,             0.35635,             0.35829,             0.19028,             0.02973,           0.0078869,            0.011298,           0.0044495,           0.0044495,           0.0044495
                 117,            0.027044,           0.0073102,           0.0063559,             0.71774,             0.35371,             0.35826,             0.19601,            0.030182,           0.0078409,             0.01162,           0.0043809,           0.0043809,           0.0043809
                 118,            0.028072,           0.0070529,           0.0064203,             0.73553,             0.32069,             0.33951,             0.18022,            0.030574,           0.0079112,            0.011182,           0.0043126,           0.0043126,           0.0043126
                 119,            0.029001,           0.0066933,           0.0073191,             0.82385,             0.31784,             0.35725,             0.19686,            0.032109,           0.0077932,            0.010558,           0.0042445,           0.0042445,           0.0042445
                 120,            0.030014,           0.0070777,           0.0070522,             0.75056,             0.34305,             0.35806,             0.19568,            0.032432,           0.0078301,            0.010619,           0.0041768,           0.0041768,           0.0041768
                 121,            0.027622,           0.0070371,            0.006046,              0.7314,             0.34279,             0.34871,             0.19009,            0.030997,           0.0079292,            0.010895,           0.0041094,           0.0041094,           0.0041094
                 122,            0.028722,           0.0071327,            0.007316,             0.72856,             0.35122,             0.35829,             0.19163,            0.029734,           0.0078637,            0.011093,           0.0040424,           0.0040424,           0.0040424
                 123,            0.027781,           0.0071953,           0.0071402,             0.70108,             0.38173,             0.35949,             0.19501,            0.028874,            0.007818,            0.010608,           0.0039757,           0.0039757,           0.0039757
                 124,            0.028347,           0.0066529,           0.0070683,             0.75374,             0.35407,             0.35973,             0.19389,            0.029544,           0.0077943,            0.010236,           0.0039094,           0.0039094,           0.0039094
                 125,            0.027279,           0.0068216,           0.0061965,             0.71255,             0.37607,             0.35547,             0.19735,            0.029319,           0.0077414,            0.010814,           0.0038434,           0.0038434,           0.0038434
                 126,            0.026988,           0.0066084,           0.0061848,             0.76659,             0.34652,             0.36344,             0.19674,            0.031392,           0.0078622,             0.01099,           0.0037779,           0.0037779,           0.0037779
                 127,            0.026089,           0.0068733,           0.0055778,             0.78038,             0.35919,             0.37802,             0.21115,            0.031756,           0.0078441,            0.010823,           0.0037128,           0.0037128,           0.0037128
                 128,             0.02968,           0.0071424,           0.0070317,             0.69586,             0.39388,             0.37043,              0.2035,            0.029927,           0.0077687,            0.010054,           0.0036482,           0.0036482,           0.0036482
                 129,            0.026879,           0.0068746,           0.0060118,             0.72508,             0.36076,             0.35519,             0.20165,            0.032312,            0.007759,           0.0099707,            0.003584,            0.003584,            0.003584
                 130,            0.028312,           0.0067642,           0.0070595,             0.75784,             0.35973,             0.36934,             0.20051,            0.030637,           0.0077485,              0.0106,           0.0035203,           0.0035203,           0.0035203
                 131,            0.027477,           0.0067136,           0.0064526,             0.77298,             0.34639,             0.36601,             0.20133,            0.029727,            0.007724,            0.010154,            0.003457,            0.003457,            0.003457
                 132,            0.027163,           0.0069028,           0.0066887,             0.76713,             0.34622,             0.37315,             0.21169,             0.02906,           0.0076345,            0.011495,           0.0033943,           0.0033943,           0.0033943
                 133,            0.027057,           0.0070816,           0.0061928,             0.74284,             0.36122,             0.35987,              0.1934,            0.029596,           0.0077165,            0.010919,           0.0033321,           0.0033321,           0.0033321
                 134,            0.026771,           0.0066374,            0.005478,             0.75441,             0.36452,             0.36346,             0.19644,            0.029929,           0.0077478,           0.0099525,           0.0032704,           0.0032704,           0.0032704
                 135,            0.027879,            0.006903,           0.0069133,             0.75774,             0.36237,             0.36513,             0.19253,            0.029954,           0.0078559,           0.0095611,           0.0032093,           0.0032093,           0.0032093
                 136,            0.026304,           0.0071748,           0.0062183,             0.73181,             0.37358,             0.36835,             0.20375,            0.029922,           0.0077636,            0.011824,           0.0031488,           0.0031488,           0.0031488
                 137,            0.027083,           0.0068665,           0.0064975,             0.74365,             0.35064,             0.35871,             0.19875,            0.029274,           0.0077041,             0.01154,           0.0030888,           0.0030888,           0.0030888
                 138,            0.026998,           0.0069433,           0.0061554,             0.73404,             0.37663,             0.38088,             0.20837,            0.028551,           0.0077187,            0.011028,           0.0030294,           0.0030294,           0.0030294
                 139,            0.025994,           0.0068999,           0.0059633,             0.76285,              0.3768,             0.38113,             0.20837,            0.029085,           0.0076555,           0.0094689,           0.0029706,           0.0029706,           0.0029706
                 140,             0.02701,            0.006773,           0.0057377,             0.82082,             0.33891,             0.37249,             0.20441,            0.029159,           0.0076759,            0.010288,           0.0029125,           0.0029125,           0.0029125
                 141,            0.026391,           0.0067266,           0.0062189,              0.7095,             0.37431,             0.36562,             0.20747,             0.02869,           0.0076938,            0.012841,            0.002855,            0.002855,            0.002855
                 142,            0.026377,           0.0068191,           0.0062864,             0.71033,             0.38029,             0.37293,             0.20901,            0.029597,           0.0077049,            0.012067,           0.0027981,           0.0027981,           0.0027981
                 143,             0.02626,           0.0068135,            0.006541,             0.73298,             0.38903,             0.37857,             0.20752,            0.028046,           0.0076392,            0.010917,           0.0027419,           0.0027419,           0.0027419
                 144,            0.024793,            0.006931,           0.0059947,             0.75501,             0.37023,             0.38197,             0.21475,            0.028463,           0.0075457,            0.010685,           0.0026864,           0.0026864,           0.0026864
                 145,            0.025122,           0.0067661,           0.0056688,              0.7829,             0.34467,             0.36907,             0.20335,            0.029621,           0.0076851,             0.01024,           0.0026316,           0.0026316,           0.0026316
                 146,             0.02634,            0.006829,           0.0052854,             0.81045,             0.34062,             0.38148,             0.21564,            0.028161,           0.0076418,            0.010121,           0.0025775,           0.0025775,           0.0025775
                 147,            0.025765,           0.0066139,           0.0051534,             0.80413,             0.34912,              0.3718,             0.20641,            0.028454,           0.0076726,            0.011799,           0.0025241,           0.0025241,           0.0025241
                 148,            0.025363,           0.0066283,           0.0055616,             0.80565,             0.35921,             0.39122,             0.22286,            0.029737,           0.0075628,            0.010474,           0.0024714,           0.0024714,           0.0024714
                 149,            0.025035,            0.006835,           0.0058592,             0.77675,             0.37037,              0.3917,             0.21725,            0.028019,           0.0076144,           0.0095639,           0.0024195,           0.0024195,           0.0024195
                 150,            0.027851,            0.006332,           0.0059945,             0.76588,              0.3631,             0.38264,             0.21571,            0.028214,           0.0076394,            0.010378,           0.0023684,           0.0023684,           0.0023684
                 151,            0.025274,           0.0066427,           0.0049318,             0.81285,             0.35388,             0.39069,             0.21812,            0.029933,           0.0076417,            0.010416,            0.002318,            0.002318,            0.002318
                 152,            0.025232,           0.0066418,           0.0043448,             0.75441,             0.38985,             0.39742,             0.21944,            0.030502,            0.007643,            0.010269,           0.0022684,           0.0022684,           0.0022684
                 153,            0.025656,           0.0068802,           0.0052821,               0.756,             0.37589,             0.38902,             0.21604,            0.028898,           0.0076017,            0.010089,           0.0022196,           0.0022196,           0.0022196
                 154,            0.024601,            0.006715,           0.0057624,             0.75421,             0.38876,             0.39286,             0.21871,            0.029513,            0.007643,            0.010553,           0.0021717,           0.0021717,           0.0021717
                 155,            0.024437,           0.0068115,           0.0049891,             0.81545,              0.3621,             0.39701,             0.22184,            0.029086,           0.0076036,           0.0095516,           0.0021245,           0.0021245,           0.0021245
                 156,            0.024073,           0.0067019,           0.0044943,             0.75133,             0.39049,             0.39362,             0.22251,            0.029039,           0.0076566,           0.0092528,           0.0020782,           0.0020782,           0.0020782
                 157,            0.024224,           0.0067354,           0.0053073,             0.76093,             0.38151,             0.39189,             0.22019,             0.02835,           0.0075867,            0.010216,           0.0020327,           0.0020327,           0.0020327
                 158,            0.023891,           0.0065932,           0.0044541,             0.81722,             0.34149,             0.38407,             0.21879,            0.028201,           0.0076329,            0.010721,           0.0019881,           0.0019881,           0.0019881
                 159,             0.02439,           0.0067472,            0.005183,             0.74292,              0.3839,             0.38857,             0.21894,            0.027795,           0.0075689,            0.010712,           0.0019443,           0.0019443,           0.0019443
                 160,            0.025325,           0.0068473,           0.0054528,              0.7912,             0.38128,             0.39294,             0.22482,            0.028282,           0.0075503,            0.010009,           0.0019014,           0.0019014,           0.0019014
                 161,            0.025612,           0.0065761,           0.0056051,             0.80779,               0.355,             0.39138,             0.22228,            0.028865,           0.0075481,            0.010118,           0.0018594,           0.0018594,           0.0018594
                 162,            0.025449,           0.0064981,           0.0051584,             0.79767,             0.37084,             0.39855,             0.22651,            0.027877,           0.0075507,             0.01008,           0.0018183,           0.0018183,           0.0018183
                 163,            0.023433,           0.0067245,           0.0045702,             0.81309,             0.36016,             0.39528,             0.22707,            0.028257,           0.0075165,           0.0097299,           0.0017781,           0.0017781,           0.0017781
                 164,            0.023399,           0.0067662,           0.0043641,             0.80336,              0.3746,             0.39862,             0.22384,            0.028281,            0.007466,           0.0098595,           0.0017389,           0.0017389,           0.0017389
                 165,            0.025167,           0.0065625,           0.0055853,             0.80741,             0.35749,             0.38658,             0.22292,             0.02865,           0.0075778,             0.01074,           0.0017005,           0.0017005,           0.0017005
                 166,            0.023851,           0.0064826,           0.0041676,             0.82902,             0.34914,             0.38841,             0.22203,            0.028278,           0.0074992,            0.010299,           0.0016631,           0.0016631,           0.0016631
                 167,            0.023377,           0.0065958,           0.0048568,             0.80063,             0.35732,             0.38814,             0.22021,            0.028173,           0.0075935,             0.01039,           0.0016267,           0.0016267,           0.0016267
                 168,            0.025261,            0.006643,           0.0053875,             0.83437,             0.35469,             0.40143,              0.2226,            0.028228,           0.0074896,            0.010845,           0.0015912,           0.0015912,           0.0015912
                 169,            0.024496,           0.0065634,           0.0046742,             0.81364,             0.36318,             0.39558,             0.22373,            0.028044,           0.0074723,            0.010902,           0.0015566,           0.0015566,           0.0015566
                 170,            0.023068,           0.0064353,           0.0047056,              0.7888,             0.37967,             0.39894,             0.22228,            0.028545,           0.0074794,            0.010621,           0.0015231,           0.0015231,           0.0015231
                 171,            0.025761,           0.0066111,           0.0048303,             0.76755,              0.3854,             0.40131,             0.22425,            0.028818,           0.0075294,           0.0094133,           0.0014905,           0.0014905,           0.0014905
                 172,            0.024724,            0.006498,           0.0051977,             0.81583,             0.35382,              0.3952,              0.2232,             0.02825,           0.0075018,           0.0092504,           0.0014589,           0.0014589,           0.0014589
                 173,            0.023372,           0.0066996,           0.0046447,             0.85133,             0.35567,             0.40149,             0.22824,            0.028266,           0.0074472,            0.008975,           0.0014283,           0.0014283,           0.0014283
                 174,            0.023736,           0.0065251,           0.0046756,             0.85187,             0.36797,             0.40441,             0.22758,            0.027835,           0.0074755,           0.0089014,           0.0013987,           0.0013987,           0.0013987
                 175,            0.023184,           0.0065108,           0.0043171,              0.8521,             0.35557,             0.40687,             0.23043,            0.027887,           0.0075096,           0.0088749,           0.0013701,           0.0013701,           0.0013701
                 176,            0.023094,           0.0062658,           0.0044796,             0.79413,              0.3759,             0.39961,             0.22385,            0.027527,           0.0074977,           0.0091696,           0.0013425,           0.0013425,           0.0013425
                 177,            0.023691,           0.0066026,           0.0049399,             0.79325,             0.37581,             0.39962,             0.22108,            0.027643,           0.0074743,           0.0086323,            0.001316,            0.001316,            0.001316
                 178,            0.023194,           0.0064047,           0.0045441,             0.83785,             0.36367,             0.40362,             0.23105,            0.027219,           0.0074417,           0.0091278,           0.0012905,           0.0012905,           0.0012905
                 179,            0.023857,           0.0063422,           0.0050083,             0.82363,             0.36665,             0.40015,             0.22859,            0.027233,           0.0074791,           0.0093416,            0.001266,            0.001266,            0.001266
                 180,            0.023687,           0.0063556,           0.0045292,             0.80932,             0.37376,             0.39953,              0.2292,            0.028068,           0.0075137,           0.0093311,           0.0012426,           0.0012426,           0.0012426
                 181,            0.023331,           0.0064195,           0.0043601,             0.81717,               0.375,              0.4011,             0.22676,            0.028174,           0.0074504,           0.0090215,           0.0012202,           0.0012202,           0.0012202
                 182,            0.021901,           0.0066167,           0.0039033,             0.83717,             0.36473,             0.40614,             0.22867,            0.027665,           0.0074906,           0.0087452,           0.0011989,           0.0011989,           0.0011989
                 183,            0.023424,           0.0065219,           0.0055349,             0.79888,             0.38772,             0.41089,             0.23473,            0.027458,           0.0074305,           0.0091338,           0.0011787,           0.0011787,           0.0011787
                 184,            0.023392,           0.0065878,           0.0045108,             0.78761,              0.3863,              0.4075,             0.22712,             0.02792,           0.0074494,           0.0089753,           0.0011595,           0.0011595,           0.0011595
                 185,            0.023064,           0.0063339,            0.003638,              0.8389,             0.36886,             0.41194,             0.23454,            0.027706,           0.0074508,           0.0086068,           0.0011414,           0.0011414,           0.0011414
                 186,            0.022703,           0.0065612,           0.0038083,             0.79866,             0.37775,             0.40831,             0.22989,            0.027525,           0.0074029,           0.0085935,           0.0011243,           0.0011243,           0.0011243
                 187,            0.023387,           0.0064603,           0.0051957,             0.82377,             0.37782,             0.40933,             0.23039,            0.027274,           0.0074208,           0.0087037,           0.0011084,           0.0011084,           0.0011084
                 188,            0.023671,           0.0064221,           0.0048372,             0.82365,             0.36575,             0.40376,             0.22839,            0.027584,           0.0073829,           0.0089628,           0.0010935,           0.0010935,           0.0010935
                 189,             0.02273,           0.0064541,             0.00423,             0.79328,             0.38234,             0.39886,             0.22725,            0.026991,           0.0073674,           0.0094773,           0.0010797,           0.0010797,           0.0010797
                 190,            0.021915,           0.0063112,           0.0039727,             0.86517,             0.36147,             0.40471,             0.23117,            0.026828,           0.0073838,           0.0094729,            0.001067,            0.001067,            0.001067
                 191,            0.023066,           0.0067495,           0.0044963,             0.85521,             0.36414,              0.4057,             0.22569,            0.027145,           0.0073838,           0.0091988,           0.0010554,           0.0010554,           0.0010554
                 192,            0.023038,           0.0065547,           0.0042702,             0.82809,             0.36515,             0.40519,             0.22655,            0.027184,           0.0074164,           0.0096196,           0.0010449,           0.0010449,           0.0010449
                 193,            0.024238,           0.0062865,           0.0045466,             0.82157,             0.37725,             0.41423,             0.23574,            0.026438,           0.0073587,           0.0084073,           0.0010355,           0.0010355,           0.0010355
                 194,            0.022559,           0.0064963,            0.003816,             0.81892,             0.37313,             0.41119,             0.23166,            0.026631,           0.0073656,           0.0087488,           0.0010272,           0.0010272,           0.0010272
                 195,            0.022852,           0.0063536,           0.0039585,             0.77183,             0.39623,             0.40951,             0.23744,            0.026606,           0.0074005,           0.0091038,             0.00102,             0.00102,             0.00102
                 196,            0.021842,            0.006665,           0.0037799,             0.87142,             0.35615,             0.41215,             0.23453,            0.026164,           0.0073814,           0.0093482,           0.0010139,           0.0010139,           0.0010139
                 197,            0.022782,           0.0064188,           0.0043215,             0.83419,             0.37586,             0.41304,             0.23712,            0.026687,           0.0074077,           0.0091017,           0.0010089,           0.0010089,           0.0010089
                 198,            0.022427,           0.0063982,           0.0040468,             0.87868,             0.36185,             0.41382,             0.23729,            0.026614,           0.0074277,           0.0085109,            0.001005,            0.001005,            0.001005
                 199,             0.02181,           0.0065376,           0.0047763,             0.84237,             0.37211,             0.41408,             0.23635,            0.026549,           0.0073946,           0.0086093,           0.0010022,           0.0010022,           0.0010022
